<?xml version="1.0" encoding="utf-8" standalone="yes"?>
<rss version="2.0" xmlns:atom="http://www.w3.org/2005/Atom">
  <channel>
    <title>Play Live Online Baccarat in Australia | Real-Time Action on Best Live Baccarat Online</title>
    <link>https://baccaratlivegame-au.com/cookie-policy/</link>
    <description>Recent content in Play Live Online Baccarat in Australia | Real-Time Action on Best Live Baccarat Online</description>
    <generator>Hugo</generator>
    <language>en</language>
    <lastBuildDate></lastBuildDate>
    <atom:link href="https://baccaratlivegame-au.com/cookie-policy/index.xml" rel="self" type="application/rss+xml" />
  </channel>
</rss>
