<?xml version="1.0" encoding="utf-8" standalone="yes"?>
<rss version="2.0" xmlns:atom="http://www.w3.org/2005/Atom">
  <channel>
    <title>Tags on Best Live Baccarat Online</title>
    <link>https://baccaratlivegame-au.com/tags/</link>
    <description>Recent content in Tags on Best Live Baccarat Online</description>
    <generator>Hugo</generator>
    <language>en</language>
    <atom:link href="https://baccaratlivegame-au.com/tags/index.xml" rel="self" type="application/rss+xml" />
  </channel>
</rss>
